{
  "feature_columns": [
    "Gender",
    "Ethnicity",
    "ParentalEducation",
    "StudyTimeWeekly",
    "Absences",
    "Tutoring",
    "ParentalSupport",
    "Extracurricular",
    "Sports",
    "Music",
    "Volunteering"
  ],
  "class_map": {
    "0": "A",
    "1": "B",
    "2": "C",
    "3": "D",
    "4": "F"
  },
  "metrics": {
    "xgboost": {
      "accuracy": 0.6179540709812108,
      "balanced_accuracy": 0.4767326530378739,
      "precision_macro": 0.46560448669512644,
      "recall_macro": 0.4767326530378739,
      "f1_macro": 0.4691736464790203,
      "precision_weighted": 0.6528695510056048,
      "recall_weighted": 0.6179540709812108,
      "f1_weighted": 0.6324673158490325,
      "precision_micro": 0.6179540709812108,
      "recall_micro": 0.6179540709812108,
      "f1_micro": 0.6179540709812108,
      "log_loss": 1.1530644839494912,
      "confusion_matrix": [
        [
          5,
          7,
          0,
          7,
          2
        ],
        [
          9,
          25,
          16,
          2,
          2
        ],
        [
          1,
          23,
          32,
          21,
          1
        ],
        [
          0,
          1,
          31,
          39,
          12
        ],
        [
          8,
          3,
          5,
          32,
          195
        ]
      ],
      "classification_report": {
        "0.0": {
          "precision": 0.21739130434782608,
          "recall": 0.23809523809523808,
          "f1-score": 0.22727272727272727,
          "support": 21.0
        },
        "1.0": {
          "precision": 0.423728813559322,
          "recall": 0.46296296296296297,
          "f1-score": 0.4424778761061947,
          "support": 54.0
        },
        "2.0": {
          "precision": 0.38095238095238093,
          "recall": 0.41025641025641024,
          "f1-score": 0.3950617283950617,
          "support": 78.0
        },
        "3.0": {
          "precision": 0.38613861386138615,
          "recall": 0.46987951807228917,
          "f1-score": 0.42391304347826086,
          "support": 83.0
        },
        "4.0": {
          "precision": 0.9198113207547169,
          "recall": 0.8024691358024691,
          "f1-score": 0.8571428571428571,
          "support": 243.0
        },
        "accuracy": 0.6179540709812108,
        "macro avg": {
          "precision": 0.46560448669512644,
          "recall": 0.4767326530378739,
          "f1-score": 0.4691736464790203,
          "support": 479.0
        },
        "weighted avg": {
          "precision": 0.6528695510056048,
          "recall": 0.6179540709812108,
          "f1-score": 0.6324673158490325,
          "support": 479.0
        }
      },
      "feature_importance": {
        "Gender": 0.06986870616674423,
        "Ethnicity": 0.06847020238637924,
        "ParentalEducation": 0.07539395987987518,
        "StudyTimeWeekly": 0.0815250352025032,
        "Absences": 0.20878233015537262,
        "Tutoring": 0.08495819568634033,
        "ParentalSupport": 0.0934554859995842,
        "Extracurricular": 0.07963842153549194,
        "Sports": 0.07925313711166382,
        "Music": 0.07254787534475327,
        "Volunteering": 0.08610662072896957
      }
    },
    "lightgbm": {
      "accuracy": 0.6096033402922756,
      "balanced_accuracy": 0.4727009516835487,
      "precision_macro": 0.46050241987512075,
      "recall_macro": 0.4727009516835487,
      "f1_macro": 0.46476705547310837,
      "precision_weighted": 0.6428506587290137,
      "recall_weighted": 0.6096033402922756,
      "f1_weighted": 0.6235804673703497,
      "precision_micro": 0.6096033402922756,
      "recall_micro": 0.6096033402922756,
      "f1_micro": 0.6096033402922756,
      "log_loss": 1.3371423272003915,
      "confusion_matrix": [
        [
          5,
          6,
          2,
          6,
          2
        ],
        [
          9,
          27,
          14,
          2,
          2
        ],
        [
          1,
          23,
          31,
          21,
          2
        ],
        [
          0,
          1,
          32,
          36,
          14
        ],
        [
          8,
          4,
          5,
          33,
          193
        ]
      ],
      "classification_report": {
        "0.0": {
          "precision": 0.21739130434782608,
          "recall": 0.23809523809523808,
          "f1-score": 0.22727272727272727,
          "support": 21.0
        },
        "1.0": {
          "precision": 0.4426229508196721,
          "recall": 0.5,
          "f1-score": 0.46956521739130436,
          "support": 54.0
        },
        "2.0": {
          "precision": 0.36904761904761907,
          "recall": 0.3974358974358974,
          "f1-score": 0.38271604938271603,
          "support": 78.0
        },
        "3.0": {
          "precision": 0.3673469387755102,
          "recall": 0.43373493975903615,
          "f1-score": 0.39779005524861877,
          "support": 83.0
        },
        "4.0": {
          "precision": 0.9061032863849765,
          "recall": 0.7942386831275721,
          "f1-score": 0.8464912280701754,
          "support": 243.0
        },
        "accuracy": 0.6096033402922756,
        "macro avg": {
          "precision": 0.46050241987512075,
          "recall": 0.4727009516835487,
          "f1-score": 0.46476705547310837,
          "support": 479.0
        },
        "weighted avg": {
          "precision": 0.6428506587290137,
          "recall": 0.6096033402922756,
          "f1-score": 0.6235804673703497,
          "support": 479.0
        }
      },
      "feature_importance": {
        "Gender": 2161.0,
        "Ethnicity": 4631.0,
        "ParentalEducation": 4700.0,
        "StudyTimeWeekly": 21790.0,
        "Absences": 13793.0,
        "Tutoring": 1774.0,
        "ParentalSupport": 5632.0,
        "Extracurricular": 2230.0,
        "Sports": 1666.0,
        "Music": 928.0,
        "Volunteering": 695.0
      }
    },
    "catboost": {
      "accuracy": 0.6534446764091858,
      "balanced_accuracy": 0.5223674238399807,
      "precision_macro": 0.5061411185559962,
      "recall_macro": 0.5223674238399807,
      "f1_macro": 0.5117861273098595,
      "precision_weighted": 0.6855155417169698,
      "recall_weighted": 0.6534446764091858,
      "f1_weighted": 0.6663934355913089,
      "precision_micro": 0.6534446764091858,
      "recall_micro": 0.6534446764091858,
      "f1_micro": 0.6534446764091858,
      "log_loss": 0.9195849762072382,
      "confusion_matrix": [
        [
          5,
          7,
          2,
          5,
          2
        ],
        [
          12,
          29,
          9,
          2,
          2
        ],
        [
          1,
          19,
          39,
          17,
          2
        ],
        [
          1,
          1,
          26,
          44,
          11
        ],
        [
          6,
          4,
          2,
          35,
          196
        ]
      ],
      "classification_report": {
        "0.0": {
          "precision": 0.2,
          "recall": 0.23809523809523808,
          "f1-score": 0.21739130434782608,
          "support": 21.0
        },
        "1.0": {
          "precision": 0.48333333333333334,
          "recall": 0.5370370370370371,
          "f1-score": 0.5087719298245614,
          "support": 54.0
        },
        "2.0": {
          "precision": 0.5,
          "recall": 0.5,
          "f1-score": 0.5,
          "support": 78.0
        },
        "3.0": {
          "precision": 0.42718446601941745,
          "recall": 0.5301204819277109,
          "f1-score": 0.4731182795698925,
          "support": 83.0
        },
        "4.0": {
          "precision": 0.92018779342723,
          "recall": 0.8065843621399177,
          "f1-score": 0.8596491228070176,
          "support": 243.0
        },
        "accuracy": 0.6534446764091858,
        "macro avg": {
          "precision": 0.5061411185559962,
          "recall": 0.5223674238399807,
          "f1-score": 0.5117861273098595,